Cycle#,ChargeOhms,DischargeOhms,MaxV,MinV,MaxOCV,MinOCV,CoulombicEff,EnergyEff,ChargeCapacity(AHrs),DischargeCapacity(AHrs),ChargeEnergy(WHrs),DischargeEnergy(WHrs)
1,0.155642412307,0.146464545527,1.17014,1.08085,1.32584,1.22742,0,0,0.0,1.00001170602,0.0,1.11397979423
2,0.147552153003,0.14499635135,1.55986,1.08847,1.41238,1.23352,0.952370945437,0.727794136747,1.05002372765,1.00001209024,1.5841616733,1.15294357749
3,0.145421110923,0.141598049404,1.56687,1.097,1.42152,1.2387,0.952390446884,0.732419398009,1.05001665609,1.00002583233,1.5871819321,1.16248283524
4,0.144759108202,0.140118156282,1.57327,1.10249,1.42853,1.24266,0.952384345259,0.734734412712,1.05000796763,1.00001115077,1.58837767876,1.16703574097
5,0.145411106031,0.139498385597,1.58058,1.10676,1.43524,1.24631,0.952415167951,0.735726439165,1.05001581651,1.00005099023,1.59054809769,1.17020828824
6,0.145979269264,0.138800095896,1.58729,1.11072,1.44133,1.24967,0.952355279668,0.73647366126,1.0500385548,1.00000976152,1.59260388937,1.17291081734
7,0.146331556131,0.137630905748,1.59338,1.11529,1.44712,1.25302,0.952395611359,0.737256841225,1.04999997146,1.00001536475,1.59443832316,1.17551056166
8,0.147252006231,0.137069284365,1.59978,1.11864,1.4526,1.25576,0.95237432483,0.737556861604,1.05000834165,1.00000098545,1.59614909288,1.1772507156
9,0.147852299775,0.136102006555,1.60648,1.12169,1.4587,1.25789,0.952441433547,0.737779000739,1.05000882948,1.00007191479,1.59793796566,1.17892507555
10,0.149373043418,0.136459509981,1.61166,1.12443,1.46236,1.26094,0.952370498876,0.737953881767,1.05001971517,1.00000779996,1.59937655426,1.18026613662
11,0.149082901539,0.135898641014,1.61502,1.12687,1.46601,1.26277,0.952378952252,0.738215551616,1.05001801531,1.00001505727,1.60068803149,1.18165279813
12,0.149072896646,0.135598644014,1.61989,1.12869,1.47089,1.26429,0.95237768312,0.738686785994,1.05001154463,1.00000756212,1.60143971517,1.18296235616
13,0.149639752447,0.135598644014,1.62873,1.12839,1.47911,1.26399,0.952383728071,0.738028260611,1.0500050145,1.0000076902,1.60278366525,1.1828996406
14,0.149983341854,0.134688653113,1.63299,1.12991,1.48308,1.2646,0.952374281512,0.738713498692,1.05003845254,1.0000296168,1.60334785763,1.18441470553
15,0.150539871263,0.134688653113,1.63817,1.12991,1.48765,1.2646,0.952390578339,0.738830091788,1.05001212985,1.00002165961,1.60384878003,1.18497174137
16,0.150186958869,0.134078659213,1.64335,1.12991,1.49313,1.26399,0.952382057707,0.738877869644,1.05001986574,1.00002008037,1.60446896756,1.18550661266
17,0.150796824699,0.134078659213,1.64884,1.1293,1.49801,1.26338,0.952559313373,0.739076667984,1.05000395269,1.00019104422,1.60488864566,1.18613575272
18,0.151106756514,0.133420634365,1.65219,1.12869,1.50105,1.26216,0.95237490589,0.739078941311,1.05001997968,1.00001267933,1.60478974626,1.18606630669
19,0.151406690528,0.133363977936,1.65402,1.12778,1.50258,1.26124,0.952370970247,0.739195895341,1.05003484351,1.00002270271,1.60439778194,1.1859642549
20,0.152380114175,0.133768662313,1.65981,1.12565,1.50745,1.25942,0.952401026453,0.738495172028,1.05000811236,1.00002880399,1.60550403917,1.1856569816
21,0.151203938726,0.133506326695,1.65889,1.12565,1.50776,1.25911,0.952370801041,0.73925053186,1.05001346208,1.00000216199,1.60434078881,1.18600978141
22,0.150549872583,0.133158668413,1.65798,1.12504,1.50745,1.2582,0.952382552339,0.739929671524,1.05001574571,1.00001667589,1.60298174073,1.18609375287
23,0.151159953114,0.132858671413,1.65737,1.12412,1.50623,1.25698,0.952360381379,0.740283204289,1.05003122827,1.00000814102,1.60204491811,1.18596694539
24,0.150806822499,0.132548674513,1.65829,1.12291,1.50745,1.25546,0.952375252579,0.740618281987,1.05001827713,1.00001142189,1.60118524765,1.18586706726
25,0.150539871263,0.132548674513,1.6595,1.12199,1.50898,1.25454,0.952378239201,0.740748919701,1.05002474624,1.00002071895,1.60087278047,1.18584478271
26,0.150849912188,0.132548674513,1.6592,1.12138,1.50837,1.25393,0.952388089279,0.741442118332,1.05001517178,1.00002194317,1.59962122638,1.18602655062
27,0.150849912188,0.132238677613,1.65981,1.12047,1.50898,1.25271,0.952367097033,0.741777407101,1.05002349858,1.00000783116,1.59892305681,1.18604499923
28,0.150859913509,0.132548674513,1.66225,1.11864,1.51141,1.25119,0.952394678199,0.74139062622,1.05001210872,1.00002594439,1.59880593992,1.18533973701
29,0.151824242054,0.13240700044,1.6656,1.11712,1.51385,1.24967,0.952383614527,0.740754166681,1.05002440647,1.00002603957,1.59939696737,1.18475996776
30,0.15243454049,0.132500974639,1.66865,1.1162,1.51629,1.24875,0.952381496036,0.740170712392,1.05001069653,1.00001075802,1.59992222627,1.18421557399
31,0.153034834034,0.13280086368,1.67047,1.1159,1.51751,1.24875,0.952372813523,0.740176633111,1.05001189667,1.00000278426,1.59990993429,1.18421594844
32,0.152380114175,0.132500974639,1.66865,1.1162,1.51629,1.24875,0.952367775295,0.741145488475,1.05001534916,1.00000078211,1.5985319802,1.18474476531
33,0.151459992719,0.131591311215,1.66621,1.11681,1.51477,1.24845,0.952380887321,0.742134444431,1.05002279946,1.00002164545,1.59733641665,1.18543837414
34,0.150293493518,0.131891200256,1.66438,1.1159,1.51416,1.24784,0.952372230441,0.742876535149,1.05001578718,1.00000587723,1.59584013097,1.18551218715
35,0.150347193726,0.131591311215,1.66499,1.11498,1.51477,1.24662,0.952390671808,0.743045046217,1.05001441001,1.00002392936,1.59543313117,1.18547868469
36,0.150303498411,0.130981536831,1.6656,1.11559,1.51537,1.24662,0.952374835886,0.743389467584,1.05003133498,1.00002342033,1.59503196408,1.18572996256
37,0.150603645182,0.130718692813,1.66651,1.11498,1.51598,1.2457,0.952379361851,0.743513126297,1.05000580666,1.00000386009,1.59446082861,1.18550255544
38,0.150603645182,0.131281425872,1.66773,1.11346,1.5172,1.24479,0.95237078984,0.743147696034,1.05001707235,1.00000558854,1.59461502589,1.18503448255
39,0.15151409039,0.131581314913,1.67017,1.11255,1.51873,1.24418,0.952371224621,0.742656300895,1.05001451014,1.00000360489,1.59508325504,1.18459862981
40,0.15151409039,0.13097154053,1.67108,1.11255,1.51964,1.24357,0.952389571189,0.742780488197,1.05001058232,1.00001912824,1.59493840544,1.18468912744
41,0.15151409039,0.13097154053,1.67078,1.11255,1.51934,1.24357,0.952368382313,0.743201155642,1.05002470237,1.00001032719,1.59435755098,1.18492837439
42,0.151459992719,0.130361766147,1.67108,1.11255,1.51964,1.24296,0.952366274746,0.743456395294,1.05002461981,1.00000803556,1.59390442825,1.18499844067
43,0.150903791954,0.130625949316,1.67047,1.11224,1.51964,1.24296,0.952392060007,0.743779743998,1.05001496641,1.00002591689,1.59345308754,1.18517812953
44,0.150539871263,0.130361766147,1.66925,1.11255,1.51873,1.24296,0.952379877608,0.744438775399,1.05002499103,1.00002267244,1.5926932309,1.1856625984
45,0.152424535598,0.129761988064,1.67443,1.10858,1.52208,1.23839,0.952394691233,0.740116690564,1.0500067603,1.00002086427,1.59056323783,1.17720239972
46,0.148462598211,0.129452102722,1.66255,1.11194,1.51416,1.24144,0.95237091915,0.746173881285,1.05001851576,1.00000709898,1.58725147803,1.18436559594
47,0.147862304667,0.12914221738,1.66042,1.11255,1.51263,1.24174,0.952387877782,0.74686250083,1.05000537907,1.00001239463,1.58712738889,1.18536593081
48,0.148472603103,0.12914221738,1.66347,1.11072,1.51507,1.23991,0.952382606261,0.746192515803,1.0500059355,1.00000738944,1.58784149363,1.18483543883
49,0.149736677229,0.129107042929,1.66956,1.1095,1.51995,1.2387,0.952379434818,0.744855835789,1.05001307967,1.00001086337,1.58965618579,1.18406468689
50,0.150913796847,0.129669956447,1.67383,1.10858,1.52299,1.23839,0.952401728435,0.744080138111,1.05000322262,1.00002488408,1.59068068429,1.18359390326
51,0.150303498411,0.129060614536,1.67261,1.1095,1.52238,1.2387,0.952385193664,0.744892899362,1.05001428357,1.0000180568,1.59035159036,1.18464160715
52,0.150657456208,0.129107042929,1.67352,1.10889,1.52299,1.23809,0.95237838053,0.744780906432,1.0500142087,1.00001083162,1.59016525819,1.18432472237
53,0.151203938726,0.129360290886,1.67626,1.10767,1.52513,1.23717,0.952366389971,0.744103408924,1.05002399778,1.00000756415,1.59101076145,1.18387653123
54,0.152789259714,0.129107042929,1.68236,1.10828,1.5297,1.23748,0.952386188677,0.742998344787,1.05000708783,1.00001224847,1.59276355335,1.18342068377
55,0.150249832978,0.128750948975,1.67322,1.10828,1.52299,1.23717,0.95239412501,0.74554317252,1.05000955288,1.00002292936,1.58952925194,1.18506268131
56,0.150657456208,0.128542439297,1.67535,1.10919,1.52482,1.23778,0.952393259956,0.745516020548,1.05001742672,1.00002952004,1.58996093084,1.18534134598
57,0.149383048311,0.128232553955,1.67169,1.11011,1.52238,1.23839,0.952370656188,0.746811956729,1.05002289162,1.0000109903,1.58818817741,1.18607792042
58,0.148162451439,0.128542439297,1.66743,1.11072,1.51934,1.23931,0.952382101775,0.747868894769,1.05000683547,1.00000771684,1.5869142563,1.18680381095
59,0.146941854567,0.127678723213,1.66377,1.11102,1.5169,1.2387,0.952437746482,0.748673539195,1.05000355065,1.00006301558,1.58551712457,1.18703471711
60,0.147199430325,0.127368726313,1.66286,1.11102,1.51568,1.23839,0.952373156188,0.748961372423,1.05001147106,1.00000273872,1.58488658302,1.18701883036
61,0.146889389399,0.127678723213,1.66316,1.11041,1.51629,1.23809,0.952392883591,0.749020187235,1.05000140473,1.00001386562,1.58461796456,1.18691084451
62,0.147199430325,0.127368726313,1.66377,1.11011,1.51659,1.23748,0.952404800484,0.749064323859,1.05001637118,1.0000406325,1.58445739375,1.18686050633
63,0.14749946993,0.127322890531,1.66529,1.1095,1.51781,1.23687,0.952398838781,0.74892906623,1.05000747671,1.00002590153,1.5845479254,1.18671399817
64,0.146941854567,0.127278359581,1.66468,1.10889,1.51781,1.23626,0.952375046984,0.749013413677,1.05001668636,1.00000969101,1.58435326959,1.18670185092
65,0.148109550461,0.127622779572,1.66804,1.10828,1.51995,1.23595,0.952388054085,0.748371693235,1.05000134256,1.00000873543,1.58485382828,1.186059743
66,0.148772749875,0.127632775873,1.67108,1.10797,1.52238,1.23565,0.952396827416,0.747692743847,1.05002132689,1.00003698045,1.58607508134,1.18589682951
67,0.147862304667,0.127368726313,1.66804,1.10889,1.52025,1.23626,0.952400222026,0.748823382752,1.05002127916,1.0000404994,1.5848145248,1.18674617349
68,0.147189429005,0.127368726313,1.66529,1.10889,1.51812,1.23626,0.952418958082,0.749293167338,1.05000316445,1.00004291987,1.58410606891,1.18695985378
69,0.146641707795,0.127368726313,1.66316,1.10919,1.51659,1.23656,0.952370978811,0.749865534781,1.05003406916,1.00002197424,1.58321558295,1.18719879978
70,0.146641707795,0.127013005188,1.66255,1.10889,1.51598,1.23595,0.95238159692,0.750005966664,1.05000003323,1.00000070842,1.58265348157,1.18699955434
71,0.145927895863,0.127068729313,1.66133,1.10858,1.51537,1.23565,0.952363398703,0.750284059339,1.05002118055,1.00000174022,1.58206130721,1.18699537969
72,0.146289310189,0.126413227106,1.66347,1.10797,1.5172,1.23443,0.952379729454,0.749969632123,1.05000635444,1.00000476777,1.58224417242,1.18663507992
73,0.148525652702,0.127841930715,1.672,1.10401,1.5236,1.23199,0.952369835326,0.747339919231,1.05001919601,1.00000660879,1.58415207085,1.18390008068
74,0.151824242054,0.128704665282,1.68419,1.10127,1.53244,1.23016,0.952218840277,0.743835676417,1.05021357653,1.00003315389,1.58915809236,1.18207248456
75,0.153754967226,0.129050625325,1.68967,1.10036,1.5361,1.22955,0.952377141768,0.742427527101,1.05002173181,1.00001669574,1.59094721364,1.18116300558
76,0.153044838926,0.127542254365,1.68815,1.10523,1.53518,1.23291,0.95238696008,0.744485207996,1.05000227502,1.00000847479,1.59148610267,1.18483786217
77,0.150046939711,0.127542254365,1.67809,1.10523,1.52817,1.23291,0.952374290397,0.747090116821,1.05002291533,1.00001482889,1.58651441509,1.18526923971
78,0.149436423214,0.127278359581,1.67626,1.10127,1.52695,1.22864,0.952379774984,0.742679340153,1.0500216222,1.00001935628,1.58572910357,1.1776882443
79,0.146641707795,0.126668798465,1.66377,1.10584,1.5172,1.2326,0.952395472154,0.750829673534,1.05000432296,1.00001936293,1.57862941894,1.18528181126
80,0.146941854567,0.126403230805,1.66743,1.10676,1.52056,1.23321,0.952391165784,0.750372694171,1.05000893601,1.00001923465,1.58099135514,1.18633274261
81,0.147189429005,0.126103341764,1.66925,1.10676,1.52208,1.23291,0.952375671461,0.749997027743,1.05001800435,1.00001160194,1.58198570083,1.18648457355
82,0.147242001339,0.126359021505,1.66925,1.10676,1.52208,1.23321,0.952380600597,0.750062240599,1.05001371367,1.00001269126,1.58222939488,1.18677052507
83,0.14749946993,0.125803452722,1.66986,1.10706,1.52238,1.23291,0.95238572088,0.750135430902,1.05001167873,1.00001612958,1.58225424088,1.18690496678
84,0.146641707795,0.126413227106,1.66865,1.10645,1.52208,1.23291,0.952376829594,0.750331054587,1.05002622363,1.00002064586,1.58184956511,1.18691085239
85,0.146589349794,0.126103341764,1.66865,1.10645,1.52208,1.2326,0.952376253286,0.750406404034,1.0500142247,1.00000861322,1.58171129275,1.18692628341
86,0.146941854567,0.125803452722,1.66925,1.10645,1.52238,1.2323,0.95234153229,0.750429536319,1.05004828013,1.00000458808,1.58166778689,1.18693022393
87,0.146994357226,0.126403230805,1.67017,1.10554,1.5233,1.23199,0.95238287285,0.750275700035,1.05001943622,1.00002052722,1.58171093452,1.18671927865
88,0.146341561023,0.125759453194,1.66865,1.10645,1.52238,1.2323,0.952404599486,0.750678006365,1.05000954789,1.00003392292,1.58138917136,1.18711407044
89,0.146383840729,0.125193678339,1.66834,1.10645,1.52208,1.23169,0.952377359969,0.750980784204,1.05001143339,1.00000711687,1.58078148491,1.1871365192
90,0.146031409359,0.127322890531,1.66773,1.10462,1.52177,1.23199,0.952397047707,0.750062506291,1.05000549729,1.0000221357,1.58062300095,1.1855660496
91,0.146341561023,0.126103341764,1.66743,1.10554,1.52116,1.23169,0.952392085451,0.750382310642,1.05002200636,1.0000326484,1.58158226841,1.18679135704
92,0.146641707795,0.126103341764,1.66743,1.10523,1.52086,1.23138,0.952372779671,0.750647250291,1.05001456035,1.00000528553,1.58080436532,1.18662645007
93,0.146289310189,0.126413227106,1.66743,1.10523,1.52116,1.23169,0.952396892162,0.750763263192,1.05000177057,1.00001842306,1.58060188278,1.18665782732
94,0.146021404467,0.125848741513,1.66651,1.10523,1.52056,1.23108,0.952375714825,0.750938531297,1.05001669928,1.00001040456,1.5802497715,1.18667044249
95,0.146641707795,0.126103341764,1.66743,1.10493,1.52086,1.23108,0.952366570433,0.750876061385,1.0500160324,1.00000016767,1.58026382159,1.1865822743
96,0.146589349794,0.125803452722,1.66773,1.10462,1.52116,1.23047,0.952386202559,0.750888894531,1.05001380005,1.00001865566,1.58020259201,1.18655657745
97,0.145979269264,0.126413227106,1.66773,1.10462,1.52177,1.23108,0.952378724947,0.750894666933,1.05000282908,1.00000035555,1.58006972341,1.18646592869
98,0.145979269264,0.125848741513,1.66773,1.10462,1.52177,1.23047,0.952346633273,0.750929590565,1.05004294122,1.00000485986,1.58005020293,1.18650645195
99,0.146021404467,0.126103341764,1.66651,1.10462,1.52056,1.23077,0.952362807561,0.751288880366,1.05002117641,1.00000111556,1.57951582786,1.18667267784
100,0.145721257695,0.125848741513,1.66499,1.10462,1.51934,1.23047,0.952368005302,0.751500755979,1.05003677166,1.00002142572,1.57905765931,1.1866630247
101,0.145721257695,0.126103341764,1.66407,1.10432,1.51842,1.23047,0.952395033753,0.751667187842,1.0500113596,1.00002560427,1.57873520759,1.18668345383
102,0.145359187413,0.126403230805,1.66407,1.10371,1.51873,1.23016,0.952373781172,0.75153858848,1.05002112552,1.00001258962,1.57856857053,1.18635519532
103,0.145669228338,0.126103341764,1.6659,1.1034,1.52025,1.22955,0.952385916377,0.751226078631,1.05000623871,1.00001115385,1.57880877296,1.18604232342
104,0.146341561023,0.125848741513,1.66743,1.1034,1.52116,1.22925,0.952383957204,0.751030839869,1.05000952526,1.00001222677,1.57922088448,1.18604358721
105,0.146941854567,0.125803452722,1.66834,1.1034,1.52147,1.22925,0.952371638689,0.750963330714,1.05002561063,1.00001461146,1.57937747907,1.18605457214
106,0.146289310189,0.126103341764,1.66804,1.1031,1.52177,1.22925,0.952366654874,0.750961922515,1.05002203454,1.00000597258,1.57946993625,1.18612177988
107,0.146641707795,0.125803452722,1.66834,1.1034,1.52177,1.22925,0.952381092347,0.750969720658,1.05001949234,1.0000187111,1.57942567514,1.18610085806
108,0.146331556131,0.126413227106,1.66834,1.10279,1.52208,1.22925,0.952389543251,0.75099446822,1.05000079054,1.00000977331,1.57928338437,1.18603308541
109,0.146589349794,0.125803452722,1.66865,1.1031,1.52208,1.22895,0.952381555262,0.751001223597,1.05001098407,1.00001109405,1.57931055894,1.1860641622
110,0.146031409359,0.125848741513,1.66773,1.1031,1.52177,1.22895,0.952381002366,0.751246566988,1.05000447646,1.00000431578,1.57898153091,1.18620445443
111,0.146031409359,0.125848741513,1.66682,1.1034,1.52086,1.22925,0.952376707322,0.751444910554,1.05002293915,1.0000173894,1.57877803251,1.18636471742
112,0.14546306175,0.126113338065,1.66529,1.10279,1.51995,1.22895,0.952355365085,0.751640568496,1.05004208284,1.00001321116,1.57832006424,1.18632939035
113,0.146021404467,0.125459669038,1.66651,1.10218,1.52056,1.22773,0.95239983298,0.751326990763,1.05000093198,1.00002071225,1.57812991014,1.18569159642
114,0.146941854567,0.12636901431,1.67078,1.10066,1.52391,1.22712,0.952400909651,0.750305282845,1.05001755983,1.00003767913,1.5793003741,1.18495741388
115,0.147552153003,0.126668798465,1.67352,1.10036,1.52604,1.22712,0.952389863377,0.749666607515,1.05000405066,1.00001321435,1.58035969659,1.18474289239
116,0.147604873723,0.126313581332,1.67352,1.10097,1.52604,1.22742,0.952388667735,0.74976963031,1.05001490187,1.0000222935,1.58057316582,1.18506575821
117,0.146994357226,0.126103341764,1.672,1.10127,1.52513,1.22742,0.952398096379,0.750070930911,1.05000045869,1.00001843805,1.58011974624,1.18520188901
118,0.147304619708,0.12636901431,1.67261,1.10066,1.52543,1.22712,0.952358915408,0.750002647297,1.05002984111,1.00000528062,1.58007186809,1.18505808399
119,0.147604873723,0.126359021505,1.67291,1.10097,1.52543,1.22742,0.952348992636,0.750106890043,1.05003954724,1.00000410504,1.57994622058,1.18512854596
120,0.147552153003,0.126668798465,1.67322,1.10066,1.52574,1.22742,0.952365966224,0.750198080994,1.05002465141,1.0000077417,1.57996385861,1.18528585477
121,0.146941854567,0.125838741613,1.67078,1.10158,1.52391,1.22742,0.952379558001,0.750771908068,1.05002552618,1.00002284651,1.57919734205,1.18561700171
122,0.146083586714,0.126059237349,1.66956,1.10097,1.5236,1.22712,0.952389655456,0.750884133758,1.05001476512,1.00002320037,1.5787897219,1.18548815271
123,0.146331556131,0.125759453194,1.67047,1.10066,1.52421,1.22651,0.952381482183,0.750824988532,1.05002281574,1.00002228558,1.57871802435,1.18534094253
124,0.146994357226,0.126323570544,1.67352,1.09944,1.52665,1.2259,0.952338929194,0.750076864334,1.05005257276,1.00000594274,1.57938494886,1.18466011002
125,0.148462598211,0.126623246893,1.67748,1.09883,1.52909,1.22559,0.952373307201,0.749062742769,1.05002398462,1.00001481487,1.58081861036,1.1841323241
126,0.148879101559,0.126978575426,1.67962,1.09822,1.53092,1.22529,0.952396595895,0.74839434648,1.05000994249,1.00002589488,1.58160347636,1.18366310008
127,0.149790197608,0.127532265154,1.68205,1.09731,1.53244,1.22498,0.952371475387,0.747649982502,1.05002433609,1.00001322616,1.58224349858,1.18296432403
128,0.150046939711,0.127232588804,1.68358,1.09731,1.53366,1.22468,0.95236933081,0.746952649199,1.05001598473,1.00000302071,1.58325925307,1.18261969345
129,0.150400932322,0.127831941503,1.68449,1.0964,1.53427,1.22437,0.952412356299,0.746590329405,1.05001966618,1.00005170443,1.58384905967,1.18248639119
130,0.150711305701,0.127831941503,1.68571,1.0964,1.53518,1.22437,0.952381531766,0.746413141276,1.05001859903,1.00001832172,1.58399007032,1.18231100414
131,0.151267972705,0.127887920697,1.6851,1.09761,1.53396,1.22559,0.952391878468,0.746878291029,1.0500033051,1.00001462014,1.58348871528,1.18267334553
132,0.149436423214,0.127588136542,1.6787,1.09822,1.52939,1.2259,0.95236822253,0.748268089871,1.05001478793,1.00000071721,1.58229084866,1.18397775095
133,0.146631702903,0.125803452722,1.67443,1.10005,1.52787,1.2259,0.952364850824,0.750005438483,1.05001780291,1.00000004823,1.58108494357,1.18582230638
134,0.146641707795,0.125449676233,1.67322,1.09975,1.52665,1.22529,0.952374042284,0.751182430247,1.0500149575,1.00000698953,1.57831593072,1.18560319653
135,0.146736524038,0.125404563072,1.67443,1.09914,1.52787,1.22468,0.952406111348,0.750783581096,1.05002417879,1.00004944495,1.57847331812,1.18509185044
136,0.147304619708,0.125404563072,1.67718,1.09853,1.53,1.22407,0.952389561757,0.750220321838,1.0500000395,1.00000907747,1.57913696483,1.18470064198
137,0.147905127738,0.125759453194,1.6787,1.09822,1.53092,1.22407,0.952395840551,0.749912615762,1.05001020816,1.00002535478,1.57967014012,1.18461456682
138,0.148268366845,0.125359482345,1.68022,1.09792,1.53213,1.22346,0.95238568899,0.74952348023,1.05001473083,1.00001900288,1.58013049862,1.18434491055
139,0.147968005511,0.125714228633,1.68053,1.09792,1.53274,1.22377,0.952397511532,0.749476575968,1.0500078096,1.00002482495,1.58031946146,1.18441241891
140,0.148525652702,0.125104886722,1.68175,1.09822,1.53335,1.22346,0.952374297647,0.749357094348,1.05001953236,1.00001161465,1.58073739116,1.18453677837
141,0.149736677229,0.125714228633,1.68388,1.09731,1.53427,1.22316,0.95237765165,0.748466327863,1.05002505511,1.00002039616,1.58233000684,1.18432072968
142,0.148825906717,0.125759453194,1.68327,1.09761,1.53457,1.22346,0.952377349493,0.748712321927,1.05002415296,1.0000192197,1.58151324313,1.18409845242
143,0.148515644235,0.125759453194,1.68083,1.09822,1.53244,1.22407,0.952375140385,0.749837140562,1.05001218883,1.00000550575,1.58040642729,1.18504743636
144,0.147604873723,0.125714228633,1.67931,1.09822,1.53183,1.22407,0.952383415016,0.750090513329,1.05000889725,1.00001105936,1.57981351121,1.18500312759
145,0.147604873723,0.125414552284,1.67992,1.09761,1.53244,1.22316,0.952363277113,0.749706632115,1.05003436097,1.00001416509,1.57983205365,1.18441056825
146,0.148578740224,0.125359482345,1.68175,1.09731,1.53335,1.22285,0.952396030988,0.749416015846,1.05000832363,1.00002375993,1.58023411895,1.18425275752
147,0.149179462894,0.125404563072,1.68388,1.0967,1.53488,1.22224,0.952373532865,0.748948519122,1.05002754566,1.00001844327,1.58077760483,1.1839210462
148,0.149189474938,0.125659050967,1.68419,1.0964,1.53518,1.22224,0.952356457671,0.74858534675,1.05002942164,1.00000230044,1.58129565204,1.183734754
149,0.149436423214,0.125623877021,1.6848,1.09609,1.53549,1.22194,0.952396077406,0.748607352042,1.05001594477,1.00003106701,1.58132754948,1.18379342953
150,0.149179462894,0.125923337992,1.68449,1.09609,1.53549,1.22224,0.952392616872,0.748695324345,1.05001033808,1.00002209363,1.58117101788,1.18381534808
151,0.149179462894,0.125669036587,1.6851,1.09609,1.5361,1.22194,0.952038497431,0.748189790814,1.05040195176,1.00002309585,1.5819290015,1.18358312871
152,0.148879101559,0.127186850935,1.68449,1.09518,1.53579,1.22255,0.952377820944,0.748305739153,1.05000362338,1.00000016282,1.58115765502,1.18318934776
153,0.149189474938,0.126922923243,1.68297,1.0964,1.53396,1.22346,0.952353312055,0.748056439401,1.05004328544,1.00001220069,1.58187729192,1.18333349456
154,0.149436423214,0.127887920697,1.67931,1.09609,1.53,1.22407,0.952369571492,0.748599305408,1.0500144829,1.00000184314,1.58020347352,1.18293922268
155,0.145731262587,0.125803452722,1.67322,1.09792,1.52756,1.22377,0.952415228483,0.750501234483,1.05000222501,1.00003810904,1.57918791769,1.18518248171
156,0.145162807735,0.124850107922,1.6723,1.09822,1.52726,1.22316,0.952373008157,0.752092059548,1.05002217654,1.0000127789,1.57627410092,1.18550323497
157,0.145721257695,0.124850107922,1.67291,1.09822,1.52726,1.22316,0.952371153733,0.752064858597,1.05001893482,1.0000077444,1.57622911254,1.18542652464
158,0.145172816203,0.124850107922,1.672,1.09822,1.52695,1.22316,0.952359585897,0.752196633526,1.05002368498,1.00000012181,1.57600221986,1.18546356421
159,0.145120964151,0.124840115117,1.672,1.09792,1.52695,1.22285,0.952385964011,0.752190033674,1.05001539795,1.000019927,1.57594240908,1.18540817376
160,0.145473070217,0.124540330962,1.67322,1.09792,1.52787,1.22255,0.952401060491,0.75198098654,1.05000367761,1.00002461608,1.57612371255,1.18521506427
161,0.145214693276,0.124840115117,1.67291,1.09731,1.52787,1.22224,0.952398384077,0.751854229959,1.05000062513,1.00001889865,1.57609231372,1.18499167287
162,0.14582542799,0.124795221161,1.67504,1.09792,1.52939,1.22285,0.952331080896,0.75176796258,1.05006435829,1.00000892534,1.57665933962,1.18528197943
163,0.145214693276,0.124840115117,1.67352,1.09792,1.52848,1.22285,0.952393454608,0.752008208972,1.05000643072,1.00001925191,1.57631298725,1.18540030632
164,0.145473070217,0.124230554001,1.672,1.09853,1.52665,1.22285,0.952373569211,0.752420977885,1.05002291895,1.00001407508,1.57588658183,1.18573012294
165,0.144800807595,0.124540330962,1.67047,1.09822,1.52574,1.22285,0.952379444259,0.752676168187,1.05000409497,1.00000231643,1.57521546825,1.18562714271
166,0.14486255372,0.124495544812,1.67108,1.09792,1.52634,1.22255,0.952370701465,0.75249809348,1.05002430535,1.00001238425,1.57528348972,1.18539782271
167,0.145172816203,0.124840115117,1.67322,1.09731,1.52817,1.22224,0.95233691965,0.751968003542,1.05005660219,1.00000766999,1.57583984454,1.1849811418
168,0.145525066655,0.124840115117,1.67383,1.0967,1.52848,1.22163,0.952401421241,0.751835311029,1.05000455117,1.00002582685,1.57587682732,1.18479984461
169,0.145773324232,0.125104886722,1.67504,1.0967,1.52939,1.22194,0.952366325467,0.751630147008,1.05002191141,1.00000550943,1.57633008305,1.18481721206
170,0.145773324232,0.125104886722,1.67565,1.09609,1.53,1.22133,0.9523850562,0.751462873628,1.05001610307,1.00001964533,1.57635557878,1.18457269309
171,0.146073578247,0.125149892078,1.67687,1.09609,1.53092,1.22133,0.952387523134,0.751188155998,1.05002521192,1.00003091081,1.57666207784,1.18436987888
172,0.146694103211,0.125404563072,1.6787,1.09518,1.53213,1.22072,0.952382525698,0.750703561428,1.05001611776,1.00001700225,1.57709188576,1.18392849534
173,0.147046897418,0.125449676233,1.68083,1.09487,1.53396,1.22041,0.9523775015,0.750062176813,1.05001465467,1.00001033335,1.57809066501,1.18366611941
174,0.147294611241,0.125404563072,1.68144,1.09548,1.53427,1.22102,0.952362245721,0.750163013884,1.05002538701,1.00000453564,1.57824652207,1.18394216765
175,0.146994357226,0.125404563072,1.68083,1.09518,1.53396,1.22072,0.952384684861,0.750294084786,1.05000265713,1.00000644971,1.57793927913,1.18391850728
176,0.147657632131,0.125359482345,1.68297,1.09457,1.53549,1.22011,0.952374639757,0.749648410066,1.05001724616,1.00000979655,1.57859019271,1.18338762811
177,0.147957993466,0.125094897511,1.68327,1.09579,1.53549,1.22102,0.95236438866,0.750053203044,1.05003955383,1.00002027775,1.57904561247,1.18436821938
178,0.146436162704,0.124795221161,1.6787,1.09579,1.53244,1.22072,0.952387807846,0.750851436771,1.050006461,1.00001335162,1.5774312543,1.1844165237
179,0.146436162704,0.125449676233,1.67748,1.09579,1.53122,1.22133,0.952390124598,0.751341250291,1.05000144317,1.00001100529,1.57671603846,1.18465179969
180,0.145525066655,0.124795221161,1.67657,1.09579,1.53122,1.22072,0.95239441523,0.751429213388,1.05001200914,1.00002557343,1.57640661234,1.18455798069
181,0.146135801369,0.125104886722,1.67718,1.09548,1.53122,1.22072,0.95236134683,0.751294342765,1.05003847889,1.00001605998,1.57652511897,1.18443440311
182,0.146135801369,0.125104886722,1.67748,1.09548,1.53152,1.22072,0.952374126363,0.75131148233,1.05001302618,1.00000523848,1.57671102766,1.1846010994
183,0.145773324232,0.125104886722,1.67748,1.09548,1.53183,1.22072,0.952395930903,0.751248803892,1.05000334422,1.00001891247,1.5765380063,1.18437229153
184,0.146083586714,0.125404563072,1.67809,1.09487,1.53213,1.22041,0.952379340783,0.751097344477,1.05001321314,1.00001089174,1.57648510175,1.18409377353
185,0.146135801369,0.125104886722,1.6787,1.09487,1.53274,1.22011,0.952398959491,0.750947599587,1.05000023797,1.00001913411,1.57674450234,1.18405249919
186,0.146694103211,0.124795221161,1.67931,1.09518,1.53274,1.22011,0.952379291971,0.751008559992,1.05001613571,1.00001362388,1.57688703781,1.18425566354
187,0.146694103211,0.125149892078,1.67901,1.09487,1.53244,1.22011,0.952398002225,0.751033163255,1.05000850987,1.00002600712,1.5767525022,1.1841934194
188,0.146393849196,0.125104886722,1.67901,1.09487,1.53274,1.22011,0.952383364405,0.750932608001,1.05000511912,1.00000740799,1.57677767416,1.1840537711
189,0.146446174748,0.125059913724,1.67962,1.09426,1.53335,1.2195,0.952365815127,0.750653886033,1.05002568697,1.00000856927,1.57694253032,1.18373803843
190,0.146383840729,0.125094897511,1.67992,1.09457,1.53366,1.2198,0.952382110724,0.750794854442,1.05001840992,1.00001874954,1.5770458265,1.18403789176
191,0.146436162704,0.125104886722,1.68022,1.09426,1.53396,1.2195,0.952418358576,0.750726045922,1.05000413465,1.00004321443,1.57695008293,1.18385750038
192,0.14679900645,0.125404563072,1.68053,1.09396,1.53396,1.2195,0.952355038004,0.750587498988,1.05003396713,1.00000513867,1.57709080923,1.18374464618
193,0.146994357226,0.125404563072,1.68144,1.09365,1.53457,1.21919,0.952378564934,0.75035195833,1.05001244495,1.00000934549,1.57727858434,1.18351407459
194,0.147046897418,0.125714228633,1.68175,1.09274,1.53488,1.21859,0.952395465395,0.749926032462,1.05000795633,1.00002281624,1.57725237297,1.18282261425
195,0.147968005511,0.125404563072,1.6851,1.09274,1.53731,1.21828,0.952385911091,0.749154742884,1.05001583407,1.00002028679,1.5786462148,1.18265029915
196,0.148268366845,0.125923337992,1.68601,1.09213,1.53792,1.21828,0.952384566661,0.748998720689,1.05000074852,1.00000450788,1.57880087433,1.1825198351
197,0.148321381355,0.12627815945,1.68784,1.09152,1.53975,1.21798,0.952381861068,0.748312822924,1.05001563155,1.00001584133,1.57945649322,1.18192754713
198,0.14821539022,0.125704239421,1.68693,1.09396,1.53884,1.2198,0.952367224433,0.749213362434,1.05002020168,1.00000482507,1.57963461872,1.18348336411
199,0.146383840729,0.125359482345,1.68114,1.09365,1.53488,1.21919,0.95237521736,0.750332846435,1.0500157345,1.00000896337,1.57735704622,1.18354280233
200,0.147968005511,0.125968605208,1.68571,1.09152,1.53792,1.21767,0.952288144326,0.748915960231,1.05010339629,1.00000101461,1.5784322107,1.18211307473
201,0.148578740224,0.12627815945,1.68937,1.09091,1.54097,1.21737,0.952393738702,0.748083025218,1.05001477972,1.00002750175,1.5798464212,1.18185629015
202,0.149179462894,0.125923337992,1.69119,1.09091,1.54219,1.21706,0.952384313725,0.747333422694,1.05000101798,1.00000449892,1.58096481489,1.18150784627
203,0.149790197608,0.125923337992,1.69363,1.09061,1.54402,1.21676,0.95238858187,0.746638787431,1.05000277825,1.00001065694,1.58148716589,1.18079965987
204,0.150410944366,0.126831702935,1.69516,1.08878,1.54493,1.21584,0.952369820322,0.745755978708,1.05002126272,1.00000856131,1.5822293719,1.17995701378
205,0.149790197608,0.126023894194,1.69363,1.09243,1.54402,1.21859,0.952457253632,0.747265197722,1.05002216733,1.00010122974,1.58261472172,1.18263290294
206,0.148268366845,0.125714228633,1.68754,1.09304,1.53945,1.21889,0.95237795945,0.749038880833,1.05001434345,1.00001051781,1.57962892703,1.18320348363
207,0.147046897418,0.125149892078,1.68236,1.09487,1.53549,1.22011,0.95238981964,0.750272078085,1.0500045392,1.00001363371,1.57844283877,1.18426158878
208,0.146331556131,0.125404563072,1.6787,1.09457,1.53244,1.22011,0.952386556078,0.75103896941,1.05000180491,1.00000760285,1.57672850657,1.18418455261
209,0.145162807735,0.124883792997,1.67535,1.09518,1.53031,1.22011,0.952385543162,0.751990503295,1.05001926772,1.00002317061,1.57569240446,1.18490572426
210,0.14486255372,0.124540330962,1.67413,1.09487,1.52939,1.2195,0.952368212302,0.752262341106,1.05005895284,1.00004276773,1.57468806273,1.18457852858
211,0.14486255372,0.124883792997,1.67352,1.09457,1.52878,1.2195,0.952393373086,0.752327452397,1.05002259379,1.00003455992,1.57442025355,1.18447957836
212,0.144810812487,0.124883792997,1.67291,1.09457,1.52817,1.2195,0.952351087353,0.752430223567,1.05004230057,1.00000892671,1.57421015308,1.18448329742
213,0.144500660823,0.124883792997,1.6723,1.09457,1.52787,1.2195,0.952388145663,0.752581561408,1.05001410648,1.00002098779,1.57383960115,1.18444266444
214,0.145110959259,0.124840115117,1.67291,1.09426,1.52787,1.21919,0.952382800447,0.752486135993,1.05000391081,1.00000566506,1.57377552292,1.18424426216
215,0.14486255372,0.124840115117,1.67322,1.09426,1.52848,1.21919,0.95241797438,0.752447452211,1.05000240075,1.00004115962,1.57392689199,1.18429727985
216,0.14486255372,0.125193678339,1.67261,1.09426,1.52787,1.2195,0.952400044726,0.752544226967,1.05000170605,1.0000216718,1.57386721002,1.18440468291
217,0.144552291238,0.124883792997,1.67108,1.09457,1.52665,1.2195,0.95236725425,0.75277497412,1.0500195858,1.00000426983,1.57355714886,1.18453444201
218,0.145773324232,0.125193678339,1.67504,1.09487,1.52939,1.22011,0.952403757058,0.752329859887,1.05001844472,1.00004151174,1.57448643559,1.18453315948
219,0.143890362387,0.125538744613,1.66773,1.09457,1.52391,1.22011,0.952380157551,0.752783622734,1.05001896446,1.0000172268,1.57310013992,1.18420402225
220,0.143848988066,0.12549356738,1.6656,1.09457,1.52177,1.22011,0.952352382462,0.752900632738,1.05003730858,1.0000055325,1.57257569609,1.18399323662
221,0.143590215615,0.12549356738,1.66316,1.09426,1.51964,1.2198,0.952388165924,0.753085338619,1.05000900057,1.00001614625,1.5719162746,1.18378709994
222,0.143590215615,0.12549356738,1.66316,1.09396,1.51964,1.2195,0.95236152916,0.753029715291,1.05004633611,1.00002373435,1.57180458231,1.18361555711
223,0.143590215615,0.125538744613,1.66255,1.09396,1.51903,1.2195,0.952379294973,0.753116783505,1.05001640346,1.00001388204,1.57144385086,1.18348073842
224,0.143590215615,0.12549356738,1.66225,1.09396,1.51873,1.2195,0.95239659944,0.753286764001,1.05000436443,1.00002058608,1.57132903624,1.18366136489
225,0.143641520727,0.12549356738,1.66194,1.09396,1.51842,1.2195,0.952399735259,0.753324134454,1.05002086095,1.00003958999,1.57134337407,1.1837308872
226,0.143538947141,0.125538744613,1.66225,1.09335,1.51873,1.21889,0.952374542044,0.753064508759,1.05001414465,1.00000674015,1.57129907396,1.18328956525
227,0.143290068844,0.125548744513,1.66347,1.09304,1.52025,1.21859,0.952370539144,0.752800697026,1.05002246305,1.00001045925,1.57167975166,1.18316161255
228,0.143290068844,0.12549356738,1.66347,1.09365,1.52025,1.21919,0.952373456668,0.752859903979,1.05001582559,1.00000720137,1.5717720869,1.18332418242
229,0.143590215615,0.126103341764,1.66225,1.09304,1.51873,1.21919,0.952378089237,0.752722530628,1.05001923883,1.00001531634,1.57147183583,1.18288225707
230,0.143838986746,0.126148738513,1.66255,1.09304,1.51873,1.21919,0.95235733328,0.752359432929,1.05003236513,1.00000602311,1.57204318021,1.1827415156
231,0.143838986746,0.126103341764,1.66194,1.09304,1.51812,1.21919,0.952370400857,0.752320366213,1.05001920561,1.00000721175,1.5719728739,1.18262720817
232,0.144200514051,0.126103341764,1.66286,1.09213,1.51873,1.21828,0.952411907353,0.751882213533,1.05000133273,1.00003377203,1.57213149907,1.18205771149
233,0.144500660823,0.126413227106,1.66529,1.09213,1.52086,1.21859,0.952398785895,0.751724907973,1.0500151606,1.00003316412,1.57257043092,1.18214036246
234,0.145162807735,0.126922923243,1.66895,1.09122,1.52391,1.21828,0.952385069987,0.750875377557,1.05000315078,1.00000732425,1.57357719376,1.18156036948
235,0.146083586714,0.126668798465,1.672,1.09091,1.52604,1.21767,0.952379250306,0.750104541062,1.05001677416,1.00001418818,1.57491546768,1.1813512441
236,0.146331556131,0.126668798465,1.67291,1.09091,1.52665,1.21767,0.952370751886,0.74997656742,1.05001617595,1.00000469498,1.57535447634,1.18147894263
237,0.147046897418,0.127532265154,1.67535,1.09,1.52848,1.21767,0.952377906848,0.749417212357,1.05002952718,1.00002492322,1.57597337615,1.1810615743
238,0.147304619708,0.127532265154,1.67779,1.09,1.53061,1.21767,0.952319474481,0.748970541206,1.05007563306,1.00000747504,1.57670865109,1.18090833173
239,0.147604873723,0.127232588804,1.67748,1.09061,1.53,1.21798,0.952395986061,0.749238718514,1.05000475729,1.00002031619,1.57658638481,1.18123956258
240,0.146383840729,0.127542254365,1.67535,1.0903,1.52909,1.21798,0.952385214357,0.749650611206,1.0500182187,1.00002182629,1.57621078128,1.18160737558
241,0.147046897418,0.127542254365,1.67504,1.0903,1.52817,1.21798,0.952353899815,0.749353304054,1.05003404547,1.00000401814,1.57618270354,1.18111771669
242,0.146994357226,0.127232588804,1.67535,1.09061,1.52848,1.21798,0.952363042649,0.749519550141,1.05003733013,1.00001674662,1.57611302836,1.18132752799
243,0.147357270797,0.127532265154,1.67657,1.08939,1.52939,1.21706,0.952384574422,0.749030050225,1.05002187951,1.00002464085,1.57624046797,1.18065147689
244,0.147657632131,0.128151596276,1.67931,1.08847,1.53183,1.21676,0.952363705315,0.748354538678,1.05002048364,1.00000139846,1.57707360948,1.18021019349
245,0.148268366845,0.127841930715,1.68083,1.08847,1.53274,1.21645,0.952384992011,0.748056320996,1.05000629951,1.00001024117,1.57775071365,1.1802463943
246,0.149189474938,0.128714650903,1.6848,1.08664,1.53579,1.21554,0.952372063144,0.746695962699,1.05001149528,1.00000161408,1.57872484816,1.17882747033
247,0.150410944366,0.128405096661,1.68815,1.08695,1.53792,1.21554,0.952388420011,0.746205195536,1.05000446226,1.00001209082,1.58028391966,1.17921607127
248,0.150100570987,0.128095542419,1.68754,1.08756,1.53762,1.21584,0.952374305384,0.746484569663,1.0500175094,1.00000969616,1.58015373009,1.17956037721
249,0.149436423214,0.128405096661,1.68693,1.08756,1.53762,1.21615,0.952392229681,0.746705669883,1.05001012496,1.0000214841,1.57990685562,1.17972540698
250,0.148879101559,0.12810552804,1.68571,1.08786,1.53701,1.21615,0.952370361633,0.746861536967,1.05001865114,1.00000664251,1.57966453619,1.17979068339
251,0.149126160732,0.128151596276,1.6854,1.08786,1.5364,1.21615,0.952400520785,0.747064392986,1.05002398462,1.00004338979,1.57932015613,1.17985385377
252,0.149489836273,0.127588136542,1.6851,1.0903,1.53579,1.21798,0.952385403727,0.748065611944,1.05000732373,1.00001164892,1.57901691017,1.18120825118
253,0.146941854567,0.127322890531,1.67718,1.0903,1.53031,1.21767,0.952397145514,0.749320778897,1.0500088324,1.00002541474,1.57700686762,1.18168401437
254,0.146631702903,0.127322890531,1.67443,1.0903,1.52787,1.21767,0.952381265884,0.749835823172,1.05000905731,1.00000895519,1.57584189273,1.18162270282
255,0.146031409359,0.126978575426,1.67291,1.0903,1.52695,1.21737,0.952394024934,0.750103378806,1.05001259786,1.00002572431,1.57511143048,1.181496406
256,0.146341561023,0.127023001489,1.67261,1.0903,1.52634,1.21737,0.952369341611,0.750220443102,1.05001477589,1.0000018808,1.57479451892,1.18144304178
257,0.146073578247,0.127023001489,1.67169,1.0903,1.52574,1.21737,0.952368957183,0.750484212898,1.05001976588,1.00000622945,1.57455993374,1.18168237253
258,0.145721257695,0.126978575426,1.67017,1.0903,1.52452,1.21737,0.952374676235,0.750617833618,1.05001799514,1.00001054816,1.57411726225,1.18156048925
259,0.145162807735,0.127023001489,1.66925,1.0903,1.52421,1.21737,0.952379377646,0.750749480058,1.05001705863,1.00001459282,1.57382394762,1.18154751038
260,0.145411106031,0.126713116147,1.66925,1.09061,1.52391,1.21737,0.952401535538,0.750743346205,1.05000030404,1.00002190188,1.57380877419,1.18152646542
261,0.145421110923,0.126713116147,1.66834,1.09061,1.52299,1.21737,0.952407776521,0.75096956239,1.05000370751,1.00003169641,1.57349370908,1.18164588213
262,0.146289310189,0.127678723213,1.67261,1.08847,1.52634,1.21615,0.95238271388,0.749856660689,1.05001652286,1.00001758566,1.57404054522,1.18030478703
263,0.145721257695,0.127023001489,1.66925,1.0903,1.5236,1.21737,0.952398957982,0.750845087207,1.0500037573,1.00002248433,1.5738053369,1.18168400543
264,0.145120964151,0.126713116147,1.66804,1.0903,1.52299,1.21706,0.952390558652,0.750915277891,1.05000042781,1.00001049403,1.57344701024,1.18152539894
265,0.144810812487,0.127023001489,1.66682,1.0903,1.52208,1.21737,0.952365292649,0.751153333859,1.05002413302,1.00000654073,1.57303201433,1.18158824183
266,0.144759108202,0.127013005188,1.6659,1.09,1.52116,1.21706,0.952365149022,0.751211634262,1.05002003671,1.00000248874,1.57262064589,1.18137092547
267,0.144562299706,0.126713116147,1.6656,1.09,1.52116,1.21676,0.952379646835,0.751209220118,1.05001889203,1.00001662157,1.57256462844,1.18132504811
268,0.145110959259,0.127278359581,1.66651,1.08969,1.52147,1.21706,0.952369926635,0.751126292161,1.05003721746,1.00002386776,1.57280347066,1.18137403921
269,0.144759108202,0.126403230805,1.66743,1.09,1.52269,1.21645,0.952368694182,0.750933982277,1.05002067645,1.0000068205,1.57302262594,1.18123614471
270,0.145110959259,0.127322890531,1.66773,1.08969,1.52269,1.21706,0.952363961247,0.750880523463,1.05002672588,1.00000761207,1.57312203514,1.18122669721
271,0.145120964151,0.127013005188,1.66804,1.08878,1.52299,1.21584,0.952297558401,0.750602290893,1.05013354814,1.00003961388,1.57323319998,1.18087244401
272,0.145411106031,0.127322890531,1.67047,1.08878,1.52513,1.21615,0.952375816479,0.750345226994,1.050023423,1.0000169148,1.57351895915,1.18068244058
273,0.145773324232,0.126713116147,1.67169,1.08908,1.52604,1.21584,0.952386859912,0.750212780805,1.05000926458,1.00001502637,1.57395081313,1.18079801637
274,0.145669228338,0.127023001489,1.67108,1.08969,1.52543,1.21676,0.952378834261,0.750519338077,1.05001944622,1.00001629614,1.57392401423,1.18126040935
275,0.145069149128,0.127068729313,1.66804,1.08908,1.52299,1.21615,0.952373807765,0.75071964444,1.05001378025,1.00000562211,1.57318942509,1.18102420584
276,0.145110959259,0.127013005188,1.66986,1.08878,1.52482,1.21584,0.952389133761,0.750588107446,1.05009402745,1.00009814117,1.57329943872,1.18089984815
277,0.145421110923,0.127023001489,1.67078,1.08847,1.52543,1.21554,0.952401985087,0.750279797436,1.05000266338,1.00002462095,1.57357698063,1.18062301828
278,0.146331556131,0.127278359581,1.67443,1.08786,1.52817,1.21523,0.952377639152,0.749590356072,1.05000833181,1.00000445614,1.57446575938,1.1802043492
279,0.146383840729,0.127278359581,1.67535,1.08786,1.52909,1.21523,0.952369970571,0.749460598376,1.05001832419,1.0000059205,1.57494700789,1.18036072695
280,0.146941854567,0.127887920697,1.67748,1.08695,1.53061,1.21493,0.952401605937,0.748978392901,1.05000331938,1.00002484762,1.5754239515,1.17995849933
281,0.147252006231,0.127532265154,1.67779,1.08756,1.53061,1.21523,0.952379605843,0.749165847671,1.05000747091,1.00000570127,1.57565885427,1.1804298012
282,0.146941854567,0.127278359581,1.67718,1.08817,1.53031,1.21554,0.952358778906,0.749187391772,1.05003895805,1.00001381989,1.57580342286,1.18057205632
283,0.148162451439,0.12885232464,1.67718,1.08725,1.52909,1.21615,0.952382898145,0.747707419557,1.05000064716,1.00000265939,1.57700980439,1.17914193146
284,0.147304619708,0.128542439297,1.67352,1.08756,1.52634,1.21615,0.952384778666,0.748285334852,1.05001173958,1.00001519819,1.57603600431,1.17932462923
285,0.146889389399,0.12885232464,1.67078,1.08725,1.52391,1.21615,0.952351654559,0.748784810589,1.05005045702,1.00001729011,1.57519610453,1.17948291677
286,0.146331556131,0.128888711113,1.66925,1.08695,1.52299,1.21584,0.952384273996,0.748866954367,1.0500197967,1.00002234176,1.57455446199,1.17913180443
287,0.146279308869,0.129244847962,1.66895,1.08664,1.52269,1.21584,0.952393564291,0.749051425679,1.05001811667,1.0000304967,1.57419694837,1.17915446848
288,0.146641707795,0.128232553955,1.66956,1.08695,1.52299,1.21523,0.952373007392,0.749142510864,1.0500358677,1.0000258172,1.57421177221,1.17930895966
289,0.146631702903,0.128451272626,1.67108,1.08664,1.52452,1.21523,0.95238150082,0.749055689156,1.05001411116,1.00001401507,1.57426183165,1.17920978122
290,0.146694103211,0.128187704853,1.67261,1.08695,1.52604,1.21523,0.952381195031,0.748832206048,1.05001007175,1.00000984693,1.57480345551,1.17926354569
291,0.146941854567,0.128187704853,1.6723,1.08695,1.52543,1.21523,0.952387302934,0.748843465762,1.05000026517,1.00000692062,1.57490077204,1.17935415237
292,0.146383840729,0.128242550256,1.6723,1.08725,1.52604,1.21554,0.952379059757,0.748864266903,1.05002379274,1.00002067245,1.57503653623,1.17948858105
293,0.146631702903,0.127023001489,1.67169,1.08847,1.52513,1.21554,0.952371643365,0.749487391263,1.0500183172,1.00000767031,1.57483441239,1.18031853541
294,0.146021404467,0.127932664914,1.66986,1.08756,1.52391,1.21554,0.952370622868,0.749614804894,1.05002004228,1.00000824169,1.57363134001,1.17961734991
295,0.145979269264,0.130061877105,1.66804,1.08543,1.52208,1.21554,0.952384639314,0.74835035449,1.05000296794,1.0000066979,1.57351244499,1.17753859601
296,0.148109550461,0.130718692813,1.66865,1.08512,1.52056,1.21584,0.952411114154,0.747383347161,1.0500073344,1.00003865523,1.57550077281,1.17750304104
297,0.147809510855,0.130671651489,1.66865,1.08482,1.52086,1.21554,0.9523988416,0.747210624659,1.05000258462,1.00002124527,1.57550943542,1.1772373894
298,0.148162451439,0.130361766147,1.67047,1.08421,1.52238,1.21462,0.952365138724,0.746808622789,1.05002872822,1.00001075541,1.57569644354,1.17674369093
299,0.148772749875,0.130925733472,1.67413,1.08299,1.52543,1.21401,0.952230810015,0.746158359688,1.05016950446,1.00000375788,1.57670474687,1.17647142764
300,0.149639752447,0.131188316618,1.67901,1.08177,1.52939,1.2131,0.952382218908,0.745031659863,1.05000240147,1.00000361697,1.57790801441,1.17559142709
301,0.151322040415,0.132097334878,1.6851,1.08025,1.53396,1.21249,0.952383588706,0.743606221433,1.05000018221,1.00000294167,1.57977115808,1.17472766159
302,0.152789259714,0.13210732409,1.69058,1.08085,1.53792,1.2131,0.952403460441,0.742363760963,1.05000599796,1.00002934594,1.58230430656,1.17464537601
303,0.152789259714,0.132049848219,1.69089,1.08116,1.53823,1.2134,0.95237104397,0.742362353402,1.05002243489,1.00001096251,1.58277732677,1.17499430121
304,0.152134393719,0.131797658529,1.68937,1.08207,1.53731,1.21401,0.952375759559,0.742995832903,1.0500105526,1.00000459758,1.58225049696,1.17560552585
305,0.151868480735,0.131797658529,1.68662,1.08238,1.53488,1.21432,0.952354743006,0.743622024984,1.05003095684,1.00000196205,1.58134089522,1.17591991869
306,0.150293493518,0.131535294588,1.68144,1.08299,1.53122,1.21462,0.952387939087,0.744889090946,1.05001738209,1.00002389054,1.57984656268,1.17681046991
307,0.150347193726,0.131535294588,1.68114,1.08238,1.53092,1.21401,0.952384896393,0.744739575793,1.05002309321,1.00002613484,1.57933603353,1.17619404765
308,0.15096771869,0.131281425872,1.68236,1.08238,1.53152,1.21371,0.95236947301,0.744640388818,1.05003226118,1.00001867122,1.57947204598,1.17613867845
309,0.15096771869,0.131487992968,1.68358,1.08177,1.53274,1.2134,0.952527479628,0.74446325325,1.05001486801,1.0001680158,1.57964976917,1.17599120615
310,0.151267972705,0.131797658529,1.6851,1.08116,1.53396,1.2131,0.952368692095,0.743944936577,1.05002135033,1.00000746009,1.58012472084,1.17552578523
311,0.151878489202,0.132097334878,1.68876,1.08025,1.53701,1.21249,0.952363206735,0.743113498382,1.05001998969,1.00000040452,1.5811920043,1.17500512193
312,0.152188751684,0.132049848219,1.68998,1.08025,1.53792,1.21249,0.952358614633,0.742605384117,1.05002589163,1.00000120348,1.58199614647,1.17479885602
313,0.152533497798,0.132059833839,1.6918,1.07994,1.53945,1.21219,0.952418241084,0.742254054746,1.05000228312,1.00004132762,1.58251544883,1.1746285086
314,0.152533497798,0.132059833839,1.69241,1.08055,1.54006,1.2128,0.952385440237,0.742332205119,1.05001113341,1.00001531554,1.58281228821,1.1749725362
315,0.152543509842,0.131797658529,1.69028,1.08146,1.53792,1.2134,0.952383965458,0.74299588063,1.05002011027,1.00002231643,1.58227851726,1.17562642033
316,0.150903791954,0.131235510432,1.6854,1.08268,1.53457,1.21401,0.952364716856,0.744190834916,1.0500208562,1.00000281541,1.58075882725,1.17638623145
317,0.150903791954,0.13097154053,1.68266,1.0836,1.53183,1.21462,0.952359755711,0.745003900182,1.05002532399,1.00000186105,1.57961370289,1.17681836943
318,0.149383048311,0.130671651489,1.6784,1.08329,1.52909,1.21401,0.952434089247,0.745669592896,1.05000759823,1.00006303053,1.57822787843,1.17683653961
319,0.149383048311,0.130625949316,1.67779,1.08268,1.52848,1.2134,0.952419203084,0.745741261966,1.05001143277,1.00005105203,1.57768891441,1.17654772202
320,0.149383048311,0.131281425872,1.67809,1.08207,1.52878,1.2134,0.95241136518,0.745713755767,1.05000836041,1.00003989599,1.57770136524,1.17651361055
321,0.149383048311,0.131188316618,1.6787,1.08177,1.52939,1.2131,0.952393707383,0.745457064959,1.05003173282,1.00004361489,1.57783475773,1.17620806748
322,0.150303498411,0.131188316618,1.68236,1.08116,1.53213,1.21249,0.952389219802,0.74474220479,1.05002234605,1.00002996292,1.57864377146,1.17568264294
323,0.151213943618,0.131497982179,1.68632,1.08055,1.53518,1.21219,0.952381952317,0.743880935627,1.05000579304,1.00000656712,1.57982634717,1.17520270126
324,0.151622401749,0.131797658529,1.68845,1.08025,1.53701,1.21219,0.952383321082,0.743351153018,1.05000859239,1.00001067038,1.58077559757,1.17507136311
325,0.151824242054,0.131545287393,1.68906,1.08116,1.53731,1.2128,0.952378015334,0.743508685596,1.0500106059,1.00000701692,1.5811090239,1.17556829214
326,0.150347193726,0.131235510432,1.68388,1.08268,1.53366,1.21401,0.952370129562,0.744757286457,1.05001830399,1.00000606821,1.57997049799,1.17669454076
327,0.149983341854,0.130671651489,1.68083,1.08268,1.53092,1.2134,0.952392911739,0.745317903457,1.05001236342,1.00002433216,1.57873096786,1.17665645509
328,0.149436423214,0.13097154053,1.67809,1.08299,1.52878,1.21401,0.952395923074,0.745877355079,1.05000597867,1.00002141329,1.5777553251,1.17681196885
329,0.148772749875,0.130671651489,1.67596,1.08299,1.52726,1.21371,0.952363682865,0.746261154197,1.05003583903,1.0000159988,1.57708963522,1.17692073145
330,0.148772749875,0.130981536831,1.67383,1.08207,1.52513,1.2131,0.952425367982,0.746453982768,1.05000108838,1.00004767298,1.57627217566,1.17661464345
331,0.148462598211,0.130671651489,1.67504,1.08238,1.52665,1.2131,0.952362452277,0.746296535745,1.05002441558,1.00000382737,1.57643725208,1.17648966005
332,0.148515644235,0.131235510432,1.67565,1.08207,1.52726,1.2134,0.952382603442,0.746140937934,1.05001474391,1.00001577546,1.57668387199,1.17642838307
333,0.149126160732,0.130935726277,1.67809,1.08146,1.52909,1.21249,0.952377937228,0.745628372225,1.05001810753,1.0000140793,1.57725063398,1.17604282281
334,0.150046939711,0.13119830583,1.68144,1.08085,1.53152,1.21219,0.952393300595,0.744952265082,1.05000465652,1.00001740046,1.57823627428,1.17571068736
335,0.150957710223,0.131497982179,1.6851,1.08055,1.53427,1.21219,0.952389818188,0.744189906802,1.05000827629,1.00001719135,1.57938624776,1.17536330453
336,0.150046939711,0.130625949316,1.68266,1.08299,1.53274,1.21371,0.952392237256,0.745163611824,1.05001110192,1.0000224225,1.57905996728,1.1766580285
337,0.149126160732,0.13119830583,1.6787,1.08146,1.5297,1.2128,0.952392028081,0.745296895499,1.05000532045,1.00001669664,1.57784913626,1.17596606282
338,0.149683195082,0.130888640269,1.68053,1.08177,1.53092,1.2128,0.952378790174,0.745375769973,1.05000669974,1.00000411038,1.5779915626,1.17619667598
339,0.149383048311,0.130625949316,1.6784,1.08238,1.52909,1.2131,0.952389498814,0.745801273523,1.04999998138,1.00000895602,1.57764314017,1.1766082631
340,0.148772749875,0.130625949316,1.67718,1.08238,1.52848,1.2131,0.952367442928,0.746016175982,1.05001971852,1.00000459435,1.57722737677,1.17663713628
341,0.148825906717,0.130625949316,1.67748,1.08177,1.52878,1.21249,0.952366214634,0.745833484651,1.05002515069,1.00000847804,1.57712225472,1.17627058696
342,0.149436423214,0.130981536831,1.67931,1.08146,1.53,1.21249,0.952383737269,0.745596485259,1.0500235992,1.00002539963,1.57748802948,1.17616953032
343,0.149790197608,0.131188316618,1.68083,1.08025,1.53122,1.21158,0.952399503769,0.745012476646,1.05000540965,1.00002463111,1.57792914854,1.17557690293
344,0.150957710223,0.131487992968,1.6854,1.07964,1.53457,1.21127,0.952352849002,0.744053618609,1.05003212937,1.00000108995,1.57927754969,1.17506717563
345,0.151267972705,0.131750279597,1.68693,1.07964,1.53579,1.21158,0.952383752355,0.74366328603,1.05002153383,1.00002344844,1.58005019554,1.17502532051
346,0.152178743217,0.131797658529,1.69028,1.07964,1.53823,1.21158,0.952362363175,0.743260004633,1.05002321631,1.00000259167,1.58093423471,1.17504518662
347,0.150957710223,0.131497982179,1.68693,1.08085,1.5361,1.21249,0.952365688928,0.743909744006,1.05002585798,1.00000859963,1.58036665496,1.17565015373
348,0.150347193726,0.131545287393,1.68327,1.08055,1.53305,1.21219,0.952397207705,0.744589909591,1.05000094572,1.00001796879,1.57911548073,1.17579345303
349,0.149993346747,0.131188316618,1.68205,1.08116,1.53213,1.21249,0.952361225233,0.745047241518,1.05002274578,1.00000094869,1.57873161603,1.17622963562
350,0.149383048311,0.130935726277,1.6787,1.08146,1.52939,1.21249,0.952389125008,0.745607747255,1.05000643524,1.00001471011,1.57783001106,1.1764422801
351,0.149136169199,0.131235510432,1.67779,1.08116,1.52878,1.21249,0.952547047212,0.745854854743,1.05000823668,1.0001822454,1.57721538061,1.17637374861
352,0.149383048311,0.130888640269,1.6787,1.08085,1.52939,1.21188,0.952394319182,0.745547994927,1.05002491213,1.00003776131,1.57724595508,1.17591255932
353,0.149426414747,0.131141156734,1.68022,1.08055,1.53092,1.21188,0.952386074849,0.745226874172,1.05000849655,1.00001347059,1.57766223044,1.17571629249
354,0.149993346747,0.131497982179,1.68175,1.07994,1.53183,1.21158,0.952387660564,0.74488494094,1.0500170138,1.00002324733,1.5781902017,1.17557011519
355,0.150046939711,0.131141156734,1.68327,1.08025,1.53335,1.21158,0.952382826941,0.744523774867,1.05001839496,1.00001948733,1.57875466855,1.17542038542
356,0.150711305701,0.131188316618,1.6851,1.07964,1.53457,1.21097,0.952382271409,0.744162477983,1.05000244975,1.00000371808,1.57917723917,1.17516444748
357,0.151932775128,0.131750279597,1.68967,1.07872,1.53792,1.21066,0.952398304493,0.743094230365,1.05000096637,1.00001914008,1.58053792406,1.17448861224
358,0.151267972705,0.131450710976,1.68815,1.07994,1.53701,1.21158,0.952383677443,0.743617332847,1.05000868806,1.00001113568,1.58049483679,1.17528335511
359,0.150347193726,0.131450710976,1.68571,1.07994,1.53549,1.21158,0.952395848454,0.744060275938,1.05002387942,1.00003838353,1.57984215882,1.17549779263
360,0.150647447741,0.131440725355,1.68662,1.07964,1.5361,1.21127,0.952368541889,0.743935419979,1.05001887014,1.00000494031,1.5799135012,1.17535361405
361,0.150957710223,0.131750279597,1.68632,1.07933,1.53549,1.21127,0.952363684495,0.74396687114,1.05002138421,1.00000223426,1.57971204299,1.17525342592
362,0.149126160732,0.129360290886,1.6851,1.08116,1.5361,1.21066,0.952380949902,0.745118622554,1.05000105137,1.0000009987,1.57942283935,1.17685737049
363,0.149489836273,0.129360290886,1.68754,1.08055,1.53823,1.21005,0.95237169644,0.745647404855,1.05002187786,1.00001111711,1.57814379478,1.17673882506
364,0.149746685696,0.129613356766,1.68937,1.07964,1.53975,1.20944,0.952394400873,0.745139336192,1.05001583508,1.00002920216,1.57872256226,1.17636828207
365,0.150657456208,0.129922911008,1.69363,1.07933,1.5431,1.20944,0.95239727545,0.744032159361,1.05000927543,1.00002597312,1.5802866876,1.17578411659
366,0.151322040415,0.129922911008,1.69546,1.07933,1.54432,1.20944,0.952380469477,0.743736010009,1.05000918825,1.00000824366,1.58112287826,1.17593802081
367,0.15156822672,0.130185665802,1.69668,1.07872,1.54524,1.20914,0.952406879473,0.743349078748,1.05000840299,1.00003522651,1.5815712734,1.17565954906
368,0.152233136463,0.130222479629,1.6982,1.07842,1.54615,1.20883,0.952380120913,0.74294142166,1.05001834048,1.00001659406,1.58228415472,1.17554443938
369,0.152233136463,0.130279298358,1.69912,1.07872,1.54707,1.20914,0.952364179625,0.742749559042,1.05002537866,1.00000655833,1.58263288893,1.17549988038
370,0.151922763084,0.129922911008,1.69881,1.07933,1.54707,1.20944,0.952369078603,0.743063366064,1.05003053043,1.00001660877,1.58238323252,1.17581101116
371,0.151011667035,0.129613356766,1.69607,1.08025,1.54524,1.21005,0.952388092597,0.743929494895,1.05000986357,1.00001689117,1.58170175851,1.17667459028
372,0.150657456208,0.129623342387,1.69455,1.07994,1.54402,1.20975,0.952423502679,0.74422927259,1.05001400543,1.00005801692,1.58088139655,1.1765382118
373,0.150711305701,0.129876222799,1.69485,1.07933,1.54432,1.20944,0.952416451653,0.744265389574,1.05000347618,1.00004058501,1.58090031001,1.17660938511
374,0.150410944366,0.129669956447,1.69394,1.08085,1.54371,1.21066,0.952378214725,0.744677742774,1.05001594289,1.00001230912,1.58107209226,1.17738919682
375,0.149746685696,0.129613356766,1.6915,1.08025,1.54188,1.21005,0.952382222002,0.745117660859,1.05000099496,1.00000228069,1.57968367961,1.17705020825
376,0.150100570987,0.129623342387,1.69272,1.07994,1.5428,1.20975,0.952360192395,0.744843084961,1.05002687552,1.00000379719,1.5798178214,1.17671637977
377,0.150100570987,0.129576761829,1.69302,1.07994,1.5431,1.20975,0.952376292548,0.744821325072,1.05002014071,1.00001428871,1.57986355925,1.17671606964
378,0.150711305701,0.130222479629,1.69424,1.07781,1.54371,1.20822,0.952391402631,0.743844948003,1.05000922753,1.00001976099,1.58033606748,1.17552499995
379,0.151622401749,0.13023246525,1.6979,1.07872,1.54646,1.20914,0.952414230763,0.743604274931,1.05000000292,1.00003494509,1.58147334353,1.17599033894
380,0.150701293656,0.129623342387,1.69637,1.07933,1.54585,1.20914,0.952376009448,0.743945706737,1.05000647973,1.00000098106,1.58117973162,1.17631187291
381,0.150410944366,0.129669956447,1.69455,1.07994,1.54432,1.20975,0.95238739715,0.744499121914,1.0500081102,1.00001449106,1.58066289349,1.17680213624
382,0.150711305701,0.129313788145,1.69363,1.08025,1.5431,1.20975,0.952365594626,0.74483402195,1.05003872719,1.0000207568,1.58030930612,1.1770681364
383,0.149489836273,0.129313788145,1.69241,1.07964,1.5431,1.20914,0.952395152584,0.744932867367,1.05005198481,1.0000644203,1.57984660047,1.17687965809
384,0.149790197608,0.129313788145,1.6918,1.08055,1.54219,1.21005,0.952390073401,0.745387955678,1.05001205706,1.00002106009,1.57956179531,1.17738633747
385,0.149436423214,0.129360290886,1.69028,1.08025,1.54097,1.20975,0.952404411697,0.74559261552,1.05000829019,1.0000325279,1.5788780852,1.17719984113
386,0.149683195082,0.129004233903,1.69089,1.08025,1.54128,1.20944,0.952397908221,0.745519578634,1.05000136059,1.00001909945,1.57885185333,1.17706496842
387,0.149746685696,0.129313788145,1.6915,1.07964,1.54188,1.20914,0.952377999965,0.745235183397,1.050028704,1.00002423702,1.57920513284,1.17687922679
388,0.150410944366,0.129004233903,1.69272,1.07964,1.54249,1.20883,0.952372255315,0.745041441077,1.05001293381,1.00000318588,1.57942422328,1.17673649938
389,0.150100570987,0.129060614536,1.69333,1.07994,1.54341,1.20914,0.952369500024,0.744949705411,1.05002008754,1.00000710579,1.57977743574,1.17685473537
390,0.149790197608,0.129014219524,1.6918,1.08055,1.54219,1.20975,0.95238987868,0.74540400226,1.05002392627,1.00003215975,1.57938283813,1.17727828864
391,0.150100570987,0.129004233903,1.69272,1.07964,1.5428,1.20883,0.952393573841,0.745106798027,1.05000075839,1.00001397482,1.57932020634,1.176762222
392,0.149436423214,0.129004233903,1.6915,1.08025,1.54219,1.20944,0.952368238864,0.745436688719,1.05002285538,1.00000841755,1.57902012248,1.17705953152
393,0.148879101559,0.129107042929,1.68937,1.08085,1.54067,1.21005,0.952350185809,0.746083176522,1.05004296881,1.00000861645,1.57857734523,1.17775000012
394,0.148578740224,0.128807258774,1.68754,1.08085,1.53914,1.20975,0.952368495602,0.746416576608,1.05001663361,1.00000276171,1.57766443668,1.17759488787
395,0.149189474938,0.128750948975,1.68876,1.07994,1.53975,1.20883,0.952070501814,0.745743586643,1.0504021818,1.00005693233,1.57850433417,1.1771594837
396,0.149436423214,0.128750948975,1.69028,1.07994,1.54097,1.20883,0.952372823172,0.745723668167,1.05001116926,1.00000210163,1.5783593508,1.17701992477
397,0.149489836273,0.129613356766,1.6915,1.07903,1.54219,1.20883,0.952380847208,0.7452800238,1.05000285749,1.00000261099,1.57884140746,1.17667896173
398,0.150711305701,0.129623342387,1.69516,1.07811,1.54463,1.20792,0.952384267739,0.744309776015,1.05001189098,1.00001480591,1.57993075677,1.17595790769
399,0.150701293656,0.129969632797,1.69759,1.0772,1.54707,1.20731,0.952393637404,0.743483213307,1.05000519752,1.00001826936,1.58095203787,1.1754113012
400,0.151622401749,0.13023246525,1.70003,1.0772,1.54859,1.20762,0.95343077486,0.743817371187,1.04891891191,1.00007157095,1.57989539018,1.17515363588
401,0.150347193726,0.129659967235,1.69607,1.07964,1.54585,1.20944,0.952395213671,0.744561652055,1.05000666417,1.00002132127,1.58070780765,1.17693441668
402,0.149746685696,0.129060614536,1.69211,1.08055,1.54249,1.20975,0.952405130514,0.745661583513,1.05001013295,1.00003503771,1.57937287136,1.17767767622
403,0.148825906717,0.128451272626,1.68845,1.08146,1.53975,1.21005,0.952398111328,0.74641566751,1.05000043887,1.00001843487,1.57807604664,1.17790068574
404,0.147915136205,0.128497481813,1.6848,1.08146,1.53701,1.21005,0.952378454144,0.747260299386,1.05001131015,1.0000081484,1.57678238462,1.1782668768
405,0.147552153003,0.128451272626,1.68388,1.08116,1.5364,1.20975,0.952438104487,0.747293242643,1.050020211,1.00007925944,1.5764089326,1.17803974297
406,0.147604873723,0.128497481813,1.68358,1.08116,1.5361,1.20975,0.952383417918,0.747453785107,1.05000444992,1.00000682684,1.57609228358,1.17805614304
407,0.147294611241,0.128187704853,1.68266,1.08116,1.53549,1.20944,0.95237588695,0.747475862848,1.05000733238,1.00000166448,1.57595644971,1.17798940706
408,0.147604873723,0.128497481813,1.68327,1.08116,1.53579,1.20975,0.952387082979,0.747527972333,1.0500151055,1.00002082341,1.57594019921,1.17805938164
409,0.147915136205,0.128451272626,1.68419,1.08085,1.5364,1.20944,0.952320762547,0.74720358011,1.05007549693,1.00000869797,1.5763176128,1.17783016367
410,0.147357270797,0.128704665282,1.68419,1.08055,1.53701,1.20944,0.952375365066,0.747150380836,1.05001644974,1.00000979964,1.57638641768,1.17779771232
411,0.14821539022,0.128760938187,1.68632,1.08085,1.53823,1.20975,0.952381738414,0.746782841575,1.05000435988,1.0000049776,1.57712301492,1.1777684066
412,0.147552153003,0.128497481813,1.68388,1.08146,1.5364,1.21005,0.952370864608,0.747408091627,1.05001139532,1.00000026041,1.57644927332,1.17825094292
413,0.146994357226,0.128242550256,1.68114,1.08207,1.53427,1.21036,0.952376451326,0.748002833728,1.050010803,1.00000556242,1.57565611956,1.17859524241
414,0.146641707795,0.127932664914,1.6784,1.08207,1.53183,1.21005,0.952387167359,0.74846420105,1.05001472903,1.00002055347,1.57457220126,1.17851092461
415,0.146021404467,0.127622779572,1.67626,1.08238,1.53031,1.21005,0.952395765902,0.748885059474,1.0500030247,1.00001843491,1.57390910757,1.17867701563
416,0.145721257695,0.127887920697,1.67474,1.08207,1.52909,1.21005,0.95238315623,0.749123013435,1.05000978485,1.00001163297,1.57334513781,1.17862905081
417,0.145721257695,0.127622779572,1.67443,1.08238,1.52878,1.21005,0.95238588398,0.749171679532,1.05000067998,1.00000582578,1.57315230307,1.17856115305
418,0.145411106031,0.127668723313,1.67443,1.08238,1.52909,1.21005,0.952369910812,0.749188043793,1.05001812747,1.00000567041,1.57304180248,1.17850411081
419,0.145421110923,0.127578143737,1.67413,1.08238,1.52878,1.21005,0.952386391507,0.74930470707,1.05002009466,1.00002484896,1.57303754223,1.17868443479
420,0.145369188733,0.127578143737,1.67413,1.08238,1.52878,1.21005,0.9523502305,0.749219333866,1.05003595022,1.00000197923,1.57306773409,1.17857275986
421,0.145669228338,0.127632775873,1.67504,1.08207,1.52939,1.20975,0.952388431454,0.74904339132,1.05001340165,1.0000206166,1.57328506454,1.17845878026
422,0.145969267943,0.127632775873,1.67687,1.08207,1.53092,1.20975,0.952386415828,0.748870191659,1.05000446416,1.00000998823,1.57371072936,1.17850505551
423,0.145411106031,0.127678723213,1.67443,1.08207,1.52909,1.20975,0.952380858487,0.749080360704,1.05000953239,1.00000897988,1.57331933614,1.17854261582
424,0.145731262587,0.127632775873,1.67383,1.08268,1.52817,1.21036,0.952334446736,0.749362916079,1.05006528958,1.00001334659,1.57307320154,1.17880272151
425,0.145069149128,0.127322890531,1.67261,1.08238,1.52756,1.20975,0.952390258135,0.749497705378,1.05000443285,1.00001399285,1.57245154364,1.17854882378
426,0.145110959259,0.127322890531,1.6723,1.08268,1.52726,1.21005,0.952370390974,0.749726176378,1.05002196686,1.00000983111,1.57255561834,1.17898611088
427,0.145172816203,0.127632775873,1.67322,1.08207,1.52817,1.20975,0.952349885017,0.749379269576,1.05004602996,1.00001121589,1.57255540475,1.17844042058
428,0.145172816203,0.127632775873,1.67322,1.08207,1.52817,1.20975,0.952369508592,0.749457681821,1.05005522975,1.00004058315,1.57264576204,1.17863144714
429,0.145110959259,0.127322890531,1.67291,1.08268,1.52787,1.21005,0.952379944428,0.749752252134,1.0500180157,1.00001609944,1.57244001895,1.17894044555
430,0.144708164204,0.127622779572,1.672,1.08238,1.52726,1.21005,0.952366122388,0.749867527964,1.05002350707,1.00000681585,1.57221482324,1.17895284293
431,0.144449067277,0.127322890531,1.67047,1.08238,1.52604,1.20975,0.952386959659,0.749830298342,1.05000546916,1.0000115164,1.57195461595,1.17869919866
432,0.145120964151,0.127978720213,1.67261,1.08207,1.52756,1.21005,0.952402267763,0.749574542492,1.05001177941,1.00003359989,1.57223934583,1.17851058834
433,0.144500660823,0.127622779572,1.67017,1.08177,1.52574,1.20944,0.952435950789,0.749878677485,1.05000986994,1.00006714881,1.57171440625,1.17859512034
434,0.145473070217,0.127932664914,1.67352,1.08146,1.52817,1.20944,0.952369810155,0.749323180417,1.05001452388,1.00000213277,1.5723029767,1.17816306708
435,0.145120964151,0.128232553955,1.67261,1.08116,1.52756,1.20944,0.952390200475,0.749427224243,1.05001073775,1.00001993703,1.57238710282,1.1783897019
436,0.144800807595,0.127978720213,1.67047,1.08177,1.52574,1.20975,0.952398423303,0.749340928002,1.05001280392,1.0000305389,1.57226261008,1.1781607233
437,0.144500660823,0.127978720213,1.66925,1.08146,1.52482,1.20944,0.952367463756,0.749522892481,1.05001544173,1.00000054314,1.57162442216,1.17796848279
438,0.144500660823,0.128242550256,1.66925,1.08146,1.52482,1.20975,0.952304097189,0.749594296889,1.05014760668,1.00005986849,1.57172783608,1.17815822219
439,0.14486255372,0.127932664914,1.66956,1.08146,1.52482,1.20944,0.952374430313,0.74954650042,1.05000819106,1.00000095278,1.57150328662,1.17791478888
440,0.144510665716,0.127668723313,1.66865,1.08177,1.52421,1.20944,0.952343281575,0.749730199144,1.05004350421,1.0000018766,1.57149884329,1.17820014073
441,0.144500660823,0.127978720213,1.66895,1.08146,1.52452,1.20944,0.952376511816,0.749693649244,1.05003330805,1.00002705921,1.57142617657,1.17808822483
442,0.144500660823,0.127932664914,1.66895,1.08085,1.52452,1.20883,0.952386319797,0.749506664307,1.05000846536,1.00001369808,1.57146032222,1.1778199842
443,0.144810812487,0.127932664914,1.67078,1.08085,1.52604,1.20883,0.952371170892,0.749319498474,1.05002124894,1.00000996631,1.57183667707,1.17780787054
444,0.145110959259,0.128232553955,1.67169,1.08055,1.52665,1.20883,0.952388776896,0.749095811194,1.05000559094,1.00001354049,1.57210376442,1.17765634469
445,0.145773324232,0.128187704853,1.67474,1.08025,1.52909,1.20853,0.952379869487,0.748490728355,1.05000842342,1.00000688526,1.57274958808,1.1771884847
446,0.146331556131,0.127932664914,1.67718,1.08085,1.53092,1.20883,0.952386655044,0.748311946067,1.05000442872,1.00001020565,1.57372087869,1.1776341333
447,0.146083586714,0.127887920697,1.67657,1.08085,1.53061,1.20883,0.95236378282,0.748350767964,1.05002124707,1.0000022069,1.57369133876,1.1776731219
